{"input": {"joint_id": 0, "motion": {"type": "rotate", "rotate": [40.0, 0.0], "translate": [0.0, 0.0]}}, "trans_info": {"axis": {"o": [-0.30940883502641064, 0.0006198229184634085, 0.021692000329494476], "d": [0.0, 0.0, 1.0]}, "rotate": {"l": 40.0, "r": 0.0}, "type": "rotate"}}