{"input": {"joint_id": 1, "motion": {"type": "rotate", "rotate": [0.0, -80.0], "translate": [0.0, 0.0]}}, "trans_info": {"axis": {"o": [0.0, -0.012001708019524805, 0.007995042324631685], "d": [1.0, 0.0, 0.0]}, "rotate": {"l": 0.0, "r": -80.0}, "type": "rotate"}}