{
    "input": {
        "joint_id": 1,
        "motion": {
            "type": "translate",
            "translate": [
                0.212797966300756,
                0.26884197807312
            ],
            "rotate": [
                0.0,
                0.0
            ]
        }
    },
    "trans_info": {
        "record_from": "open",
        "axis": {
            "o": [
                0.04600622936315381,
                -0.7663484557237461,
                0.39850284546199616
            ],
            "d": [
                0.03075733067941866,
                -0.9995173733425586,
                -0.0043977389784386894
            ]
        },
        "translate": {
            "l": 0.212797966300756,
            "r": 0.26884197807312
        },
        "type": "translate"
    }
}