{"input": {"joint_id": 0, "motion": {"type": "rotate", "rotate": [0.0, -60.0], "translate": [0.0, 0.0]}}, "trans_info": {"axis": {"o": [0.2269176666855262, -0.1669124355111414, 0.456948], "d": [0.0, 0.0, 1.0]}, "rotate": {"l": 0.0, "r": -60.0}, "type": "rotate"}}