{"input": {"joint_id": 0, "motion": {"type": "rotate", "rotate": [65.0, 35.0], "translate": [0.0, 0.0]}}, "trans_info": {"axis": {"o": [-0.6382359999999996, -0.41942801523467216, -0.442321324292263], "d": [1.0, 0.0, 0.0]}, "rotate": {"l": 65.0, "r": 35.0}, "type": "rotate"}}