{
    "input": {
        "joint_id": 2,
        "motion": {
            "type": "rotate",
            "rotate": [
                80.0,
                37.0
            ],
            "translate": [
                0.0,
                0.0
            ]
        }
    },
    "trans_info": {
        "record_from": "open",
        "axis": {
            "o": [
                0.33876352141316846,
                -0.10129757459122649,
                -0.03733009514366962
            ],
            "d": [
                0.0,
                0.0,
                1.0
            ]
        },
        "rotate": {
            "l": 80.0,
            "r": 37.0
        },
        "type": "rotate"
    }
}